text,condition
My ferret scratches at his ears until they bleed.,Ear Infections
Cat seems painful when she opens her mouth wide to yawn.,Ear Infections
"My dog has developed sudden, severe abdominal distension.",Digestive Issues
Guinea pig is scratching itself raw.,Parasites
Rabbit has a broken leg after an accident.,Mobility Problems
Cat has scaly patches on her ear tips.,Skin Irritations
My dog has hip dysplasia.,Mobility Problems
Puppy has redness and irritation in his skin folds.,Skin Irritations
Dog's ear hematoma was drained but filled right back up.,Ear Infections
"My cat vomited, then had diarrhea, now just hiding.",Digestive Issues
Cat vomits immediately after drinking water.,Digestive Issues
Dog has developed bald patches on his face and legs.,Parasites
"My dog has crusty ear edges and is losing hair there, very itchy.",Parasites
"The dog's armpits are dark, thickened, and itchy.",Skin Irritations
"Found a long, flat, white worm in my dog's fresh stool.",Parasites
My cat has inflamed nail beds.,Skin Irritations
My puppy seems to get an upset stomach from car rides.,Digestive Issues
My dog has thickened skin folds around his muzzle that smell bad.,Skin Irritations
My rabbit's dewlap is constantly wet and the skin underneath is red.,Skin Irritations
Puppy has diarrhea after switching foods too quickly.,Digestive Issues
My dog has a skin infection secondary to flea bites.,Parasites
My cockatiel is listless and has abnormal droppings.,Parasites
My cat's hearing seems diminished.,Ear Infections
"Ferret has pale gums, possibly flea-induced anemia.",Parasites
Cat vomited 5 times in the past few hours.,Digestive Issues
The ear canal seems narrowed and swollen shut.,Ear Infections
My cat vomited what looked like a roundworm.,Digestive Issues
Cat has nerve damage affecting her leg.,Mobility Problems
"Ferret has dark, waxy debris in ears.",Ear Infections
Ferret is tilting its head.,Ear Infections
"My dog's skin has a generally unpleasant, strong odor.",Skin Irritations
My dog has water trapped in his ear after a bath.,Ear Infections
"Kitten failed to respond to initial dewormer, suspecting resistant strain or different parasite.",Parasites
My dog has persistent itching despite flea treatment.,Skin Irritations
Rabbit is scratching vigorously at the base of its ears.,Ear Infections
Cat has lost hair around the outside of her ears from scratching.,Ear Infections
Guinea pig has sores on the bottom of its feet (bumblefoot).,Skin Irritations
My guinea pig has developed scaly patches around its eyes.,Skin Irritations
"My dog ate greasy leftovers, now has painful belly and vomiting.",Digestive Issues
"Dog's ears look greasy, and the fur below them is stained and sticky.",Ear Infections
Hamster has hair loss and redness on its underside.,Skin Irritations
Ferret's ears seem painful to touch.,Ear Infections
My dog's ear infection requires long-term management.,Ear Infections
Cat has stopped perching in high places.,Mobility Problems
Rabbit has hair loss and scaling around the eyes.,Skin Irritations
"Cat's claws are very long, maybe it hurts to use the scratching post.",Mobility Problems
My dog is eating grass obsessively and then vomiting foam.,Digestive Issues
My guinea pig has bald spots appearing behind its ears.,Skin Irritations
Cat cries out in pain when yawning or eating.,Ear Infections
My dog's abdomen became suddenly taut and enlarged.,Digestive Issues
Cat struggles to climb onto the sofa.,Mobility Problems
My hamster has diarrhea and isn't acting like himself.,Digestive Issues
Cat has crusty sores on the edges of her ear flaps.,Ear Infections
My dog yelps when jumping off the couch.,Mobility Problems
Cat keeps rubbing her head/ears against the furniture.,Ear Infections
Cat is losing weight but eating more than usual.,Digestive Issues
"Dog has bumps and scabs, vet suspected flea allergy dermatitis.",Parasites
My cat's ear mites seem resistant to the usual treatments.,Parasites
"Dog has flea allergy, gets severe reaction from one bite.",Parasites
My cat is drooling excessively and pawing at her mouth.,Digestive Issues
My older dog seems painful and slow when getting up after naps.,Mobility Problems
"My kitten has a potbelly and isn't growing well, the breeder said she might have worms.",Parasites
"My cat brought in a mouse, now I'm worried about worms.",Parasites
My dog has muscle atrophy.,Mobility Problems
Guinea pig's back legs seem paralyzed.,Mobility Problems
"Cat has greasy, matted fur along its back.",Skin Irritations
"My ferret is scratching and has hair loss, especially around the shoulders.",Parasites
My dog's front leg seems to bow outwards at the wrist.,Mobility Problems
Dog has redness and swelling spreading onto the outside of the ear flap.,Ear Infections
My parrot is picking at himself constantly and seems agitated.,Parasites
Hamster is dehydrated (skin stays tented when pinched).,Digestive Issues
My dog's breed (Cocker Spaniel) is prone to ear infections.,Ear Infections
Dog has had pudding-like stool for three days straight.,Digestive Issues
Dog likely has 'swimmer's ear' after dock diving.,Ear Infections
Rabbit has stopped hopping normally.,Mobility Problems
"Dog keeps stretching into a 'play bow' position, seems painful.",Digestive Issues
Guinea pig's feet are red and swollen.,Skin Irritations
My cat's ear infection isn't responding to the current antibiotic drops.,Ear Infections
My kitten has developed scabs behind her ears.,Skin Irritations
My dog's limp seems to disappear during intense play but returns afterward.,Mobility Problems
My puppy came from a litter where several pups had ear mites.,Ear Infections
"My cat has small, millet-seed like scabs all over its body.",Skin Irritations
My rabbit has sores on its hocks from sitting abnormally.,Mobility Problems
My dog tested positive for Ehrlichiosis on his annual screen.,Parasites
"Dog has whipworms according to the vet, needs specific dewormer.",Parasites
Guinea pig has soft droppings sticking to its rear end.,Digestive Issues
My dog sometimes skips for a step or two on his back leg while trotting.,Mobility Problems
Dog’s ears are tender and smell like yeast.,Ear Infections
My dog has a rash on his belly that looks like insect bites.,Skin Irritations
My rabbit is pressing its abdomen on the floor.,Digestive Issues
My dog slipped on the floor and has been limping since.,Mobility Problems
Rabbit seems generally weak and floppy.,Mobility Problems
"Dog has a large, weeping sore on his neck that came up fast.",Skin Irritations
Rabbit has dandruff concentrated over its shoulders.,Skin Irritations
"My dog's stomach is rumbling loudly, and he keeps licking the air.",Digestive Issues
Dog has diarrhea that looks like raspberry jam.,Digestive Issues
My rabbit's left ear is hanging down lower than the right.,Ear Infections
"My dog is scratching constantly, and I found tiny brown bugs crawling on him.",Parasites
"Dog has flea allergy dermatitis, reacts severely to flea saliva.",Parasites
"Dog has small, raised, hairless bumps appearing on his body.",Skin Irritations
My dog's ear infection came back shortly after finishing medication.,Ear Infections
"My dog has scabies, and the whole family is itchy now.",Parasites
Cat has hair loss above the eyes.,Skin Irritations
Cat is grooming one specific spot on her leg until it's bald.,Mobility Problems
My dog doesn't lift his legs as high when walking anymore.,Mobility Problems
"My rabbit has flaky skin and seems very itchy, especially on its back.",Parasites
Guinea pig's abdomen feels tight and bloated.,Digestive Issues
Dog has redness and bumps in the groin area.,Skin Irritations
"Dog is biting at his hind end, near the tail.",Skin Irritations
"Rabbit is over-grooming its belly, leaving the skin bare.",Skin Irritations
My rabbit has an abscess near the ear.,Ear Infections
My guinea pig is losing hair and has crusty sores.,Parasites
Kitten has lost fur on its paws.,Skin Irritations
My ferret's skin seems yellowish.,Skin Irritations
My cat gags frequently without bringing anything up.,Digestive Issues
My dog consistently puts less weight on his left hind leg.,Mobility Problems
"Ferret walks very stiffly, especially in the hind end.",Mobility Problems
Ferret is having trouble climbing.,Mobility Problems
Guinea pig has tiny white lice visible in its fur.,Parasites
My rabbit has developed sores on its heels.,Mobility Problems
"My cat has dark wax, but the vet said it wasn't mites.",Ear Infections
"Cat is scratching her face, causing small cuts near her eyes.",Skin Irritations
My dog vomited bile this morning and isn't interested in breakfast.,Digestive Issues
Dog has diarrhea that smells particularly foul.,Digestive Issues
My kitten has ringworm-like circles appearing on her face.,Skin Irritations
My dog shakes his head after waking up.,Ear Infections
Dog’s gait is wobbly and he falls often.,Mobility Problems
"Cat cries and flinches if I try to look in her ears, they look black inside.",Parasites
Dog is constantly shaking his head and scratching his ears raw.,Skin Irritations
"My dog has bare patches of skin and intense itching, worse at night.",Parasites
My dog's ear infection seems worse in humid weather.,Ear Infections
"Rabbit has neurological issues (head tilt, weakness) from E. cuniculi.",Mobility Problems
"My cat is regurgitating food (undigested, tube-shaped) right after eating.",Digestive Issues
My canary has crusty scales on its legs and feet.,Parasites
Ferret hasn't eaten today and vomited greenish fluid.,Digestive Issues
My dog has developed a large fluid-filled swelling (cyst?) under the skin.,Skin Irritations
My cat has Horner's syndrome related to an ear infection.,Ear Infections
"Dog has large volume, greasy, foul-smelling stools.",Digestive Issues
My rabbit's appetite has been poor for several days.,Digestive Issues
Dog's ears are greasy and the hair around them is matted.,Ear Infections
Dog has diarrhea with visible pieces of undigested kibble.,Digestive Issues
My dog has food allergies that trigger ear infections.,Ear Infections
My dog has a torn ACL (CCL) and needs surgery.,Mobility Problems
My dog tested positive for Anaplasmosis after a tick bite.,Parasites
"There's a moist, red, sore area on my dog's flank that appeared suddenly.",Skin Irritations
Ferret yelps when his ears are examined.,Ear Infections
"Puppy has intermittent diarrhea, sometimes normal, sometimes loose.",Digestive Issues
Guinea pig seems unable to move properly after being dropped.,Mobility Problems
"Rabbit isn't eating pellets, only picking at greens.",Digestive Issues
My dog has a rash after swimming in the lake.,Skin Irritations
Cat has created raw spots and scabs around her ears from scratching.,Ear Infections
My cat seems to have inflammation deep within the ear.,Ear Infections
"Cat is constantly scratching around the neck, causing hair loss.",Skin Irritations
My rabbit has crusty buildup inside its ears.,Ear Infections
Puppy's ears seem hot to the touch.,Ear Infections
"Guinea pig has mange mites, causing severe itching and seizures.",Parasites
"Dog has intense itching episodes, especially at night.",Skin Irritations
"Dog keeps shaking his head, and the inside of his ear flaps are red.",Skin Irritations
My rabbit is biting at its flank.,Skin Irritations
My rabbit has sores developing on the soles of its feet.,Parasites
Rabbit has lost balance.,Ear Infections
My dog's elbow/hock seems to stick out at an odd angle.,Mobility Problems
Cat has developed facial nerve paralysis (droopy face) on one side.,Ear Infections
Cat vomits bile mostly in the early morning before breakfast.,Digestive Issues
"Dog has sudden onset of watery, projectile diarrhea.",Digestive Issues
My cat has redness and swelling of the chin.,Skin Irritations
My guinea pig's droppings are very small and dry.,Digestive Issues
"Cat has a greasy feel to her coat, especially near the tail base.",Skin Irritations
Rabbit has discharge coming from the ear.,Ear Infections
"Dog’s ears have a rash with small, crusty bumps.",Skin Irritations
My cat has bad breath and occasionally vomits foam.,Digestive Issues
Cat’s ears have a brown discharge and bad smell.,Ear Infections
My ferret arches his back when I pick him up.,Mobility Problems
My puppy has 'growing pains' (panosteitis).,Mobility Problems
My ferret seems painful in his back.,Mobility Problems
Ferret seems painful around the head.,Ear Infections
My bird has crusty growths on its beak and feet.,Parasites
Cat has developed hives/welts after being outside.,Skin Irritations
My cat has crusty lesions around her eyes and nose.,Skin Irritations
My dog is reluctant to go for walks.,Mobility Problems
My dog sits with his leg sticking straight out to the side.,Mobility Problems
My dog is knuckling over on his paws.,Mobility Problems
My dog has osteosarcoma requiring amputation.,Mobility Problems
Dog has developed calluses on his elbows that are now cracking.,Skin Irritations
Cat vomited a large hairball this morning.,Digestive Issues
My rabbit has fur mites (Cheyletiella).,Parasites
My ferret's skin looks yellowish and he's losing fur.,Skin Irritations
"My puppy has dark specks in his ears, vet suspected mites.",Ear Infections
"Hamster is scratching incessantly, causing small wounds.",Skin Irritations
Dog has a ruptured eardrum from a chronic infection.,Ear Infections
My cat tries to vomit frequently but only retches.,Digestive Issues
"Cat has visibly swollen joints, especially her wrists (carpi).",Mobility Problems
My cat is holding her head tilted to one side.,Ear Infections
Cat looks carefully before jumping down from even low heights.,Mobility Problems
My hamster’s stools are watery and frequent.,Digestive Issues
My puppy eats constantly but is skinny and has soft poop.,Digestive Issues
Rabbit has ear mites causing thick crusts.,Ear Infections
My dog's thigh muscles look smaller than they used to.,Mobility Problems
"Dog has diarrhea that smells metallic, like blood.",Digestive Issues
"My cat used to love chasing laser pointers, now she just watches.",Mobility Problems
Dog is licking obsessively at a spot between his shoulder blades.,Skin Irritations
My dog whimpers when he tries to jump onto the bed.,Mobility Problems
Dog's ear canal bleeds easily when cleaned.,Ear Infections
Rabbit has flaky skin on the outside of its ear flaps.,Skin Irritations
Found a tick embedded in my cat's skin after she was outside.,Parasites
Cat has hair loss around the eyes and ears.,Parasites
"My dog has developed red, itchy patches on his belly and inner thighs.",Skin Irritations
My rabbit is scratching its dewlap constantly.,Skin Irritations
"Rabbit is moving very little, seems painful.",Ear Infections
Cat's chin has blackheads and some pimple-like sores (chin acne).,Skin Irritations
My dog developed a head tilt and seems dizzy.,Mobility Problems
My cat vomited a plant leaf.,Digestive Issues
Cat got diarrhea after drinking milk.,Digestive Issues
My ferret shakes his head after I clean his ears.,Ear Infections
My rabbit has maggots near its tail (flystrike).,Parasites
Hamster has wetness and irritation around its tail (wet tail).,Skin Irritations
My dog's poop is covered in slimy mucus.,Digestive Issues
Puppy has roundworms and hookworms.,Parasites
"Guinea pig has very rough, coarse fur and seems itchy.",Skin Irritations
My rabbit has swelling around the ear base.,Ear Infections
I found a live flea crawling on my arm after holding the cat.,Parasites
Dog is anemic due to a heavy hookworm burden.,Parasites
Rabbit has ear mites causing inflammation and head tilt.,Parasites
"Cat has a swollen area on her face, like an abscess.",Skin Irritations
My cat has fleas and tapeworms.,Parasites
My cat has a droopy eyelid and unequal pupil size on the side with the bad ear.,Ear Infections
"Guinea pig has white, powdery stuff in its fur.",Parasites
Rabbit is reluctant to be picked up.,Mobility Problems
My dog has mucus covering his stool.,Digestive Issues
"Kitten has crusty discharge around its eyes and nose, along with skin sores.",Skin Irritations
"My dog has environmental allergies (pollens, dust mites) causing ear issues.",Ear Infections
"My dog's elbows are calloused, dark, and sometimes cracked.",Skin Irritations
My cat seems to gag or cough after eating.,Digestive Issues
My cat threw up clear liquid this morning and seems quiet.,Digestive Issues
My dog is excessively gassy and burping.,Digestive Issues
My dog has elbow dysplasia causing forelimb lameness.,Mobility Problems
Guinea pig is losing weight rapidly and has diarrhea.,Digestive Issues
"My cat has lungworm, diagnosed after chronic coughing.",Parasites
Rabbit has hair loss and crusting around the base of the affected ear.,Ear Infections
My dog's ear flap swelled up suddenly like a water balloon.,Ear Infections
My rabbit is losing fur in clumps when I pet it.,Skin Irritations
Cat has bad gas and occasional vomiting.,Digestive Issues
Cat seems less interested in playing with toys.,Mobility Problems
"Rabbit has white, crusty deposits in its ears.",Skin Irritations
My dog has developed a lump that seems attached to the skin.,Skin Irritations
"Rabbit seems to have lost its balance, stumbling.",Ear Infections
My dog holds up his back leg occasionally when walking ('skipping').,Mobility Problems
Rabbit has lost fur on its nose from rubbing cage bars.,Skin Irritations
My dog seems to have lost coordination in his hind limbs.,Mobility Problems
"Dog ate chocolate, now vomiting and hyperactive.",Digestive Issues
Ferret is rubbing its body against furniture frequently.,Skin Irritations
My dog might have gotten water in his ear during his bath.,Ear Infections
Found multiple ticks on my dog after a walk in the woods.,Parasites
There's a foul odor coming from my cat's ears.,Ear Infections
Puppy is being treated for Sarcoptic mange (scabies).,Parasites
Rabbit has stopped grooming itself and looks unkempt.,Digestive Issues
"Cat's ears are very itchy and painful, she cries when I touch them.",Parasites
Cat has a soft tissue injury (sprain/strain).,Mobility Problems
The dog keeps licking one spot on his front leg until it's raw.,Skin Irritations
Cat walks very slowly and cautiously.,Mobility Problems
"My cat has Toxoplasma, I'm pregnant and concerned.",Parasites
My puppy has dandruff only a few days after a bath.,Skin Irritations
My cat tested positive for Giardia after having diarrhea.,Parasites
My dog's paw pads are cracked and bleeding.,Skin Irritations
"My puppy seems to have a sensitive stomach, gets diarrhea easily.",Digestive Issues
My cat's ear infection is resistant to multiple antibiotics.,Ear Infections
Cat developed sudden loss of balance and circling.,Ear Infections
"My dog has scabies, and now I'm itchy too!",Parasites
"Dog ate grapes off the counter, now vomiting.",Digestive Issues
"Dog has oily, smelly skin, especially along the back.",Skin Irritations
My dog's ear infections are a chronic problem requiring ongoing care.,Ear Infections
Cat's ear canal looks very narrow.,Ear Infections
My dog contracted Babesia from a tick.,Parasites
Rabbit has E. cuniculi infection causing neurological/mobility issues.,Mobility Problems
"My dog suddenly couldn't stand up this morning, crying in pain.",Mobility Problems
Cat reacted painfully when the vet extended her hind legs.,Mobility Problems
"My cat only poops every 3-4 days, and the stool is very hard.",Digestive Issues
Guinea pig has flaky skin around its eyes.,Skin Irritations
My budgie has crusty growths around its beak and legs.,Parasites
My cat has developed small scabs scattered throughout her coat.,Skin Irritations
"Cat's claws seem overgrown, maybe not scratching post due to pain.",Mobility Problems
My rabbit stopped eating hay and seems lethargic.,Digestive Issues
Cat developed arthritis in her elbow after an old fracture.,Mobility Problems
"Dog's limp is barely noticeable after warming up, but bad when first rising.",Mobility Problems
Dog is licking the air and swallowing repeatedly.,Digestive Issues
Ferret is vomiting undigested food shortly after eating.,Digestive Issues
Cat cries out when I pick her up around her hips.,Mobility Problems
My ferret shakes its head after cleaning.,Ear Infections
Puppy has moisture in his ears after playing in water.,Ear Infections
My dog has osteosarcoma (bone cancer).,Mobility Problems
The skin inside my dog's ears looks red and inflamed.,Ear Infections
Ferret suddenly became paralyzed in the back legs.,Mobility Problems
Dog is retching forcefully but producing nothing.,Digestive Issues
Rabbit is scratching the base of its ears.,Ear Infections
Rabbit is dragging one of its back legs.,Mobility Problems
Dog has developed resistance to several types of ear drops.,Ear Infections
Puppy walks with a 'bunny hop' gait.,Mobility Problems
My guinea pig is losing hair symmetrically on both sides.,Skin Irritations
Ferret is shaking its head due to ear mite irritation.,Parasites
"Dog has developed moist, red patches under his collar.",Skin Irritations
My rabbit has developed a large abscess under its chin.,Skin Irritations
My rabbit has discharge from its eye on the same side as the droopy ear.,Ear Infections
"My cat brings food back up almost immediately after eating, looks undigested.",Digestive Issues
My guinea pig has sores on the bottoms of its feet.,Skin Irritations
"Guinea pig seems lethargic and thin, maybe internal parasites?",Parasites
"Dog has thickened, rough skin inside the ear canal (cobblestone appearance).",Ear Infections
My rabbit caught fleas from our dog.,Parasites
"My cat has what looks like dandruff, but it moves.",Skin Irritations
"Guinea pig is staying in one corner of the cage, not exploring.",Mobility Problems
"Cat is scratching her neck raw, right where the collar sits.",Skin Irritations
Guinea pig has vitamin C deficiency (scurvy) causing joint pain.,Mobility Problems
Cat has sores on her lips and tongue.,Skin Irritations
Cat has scratches and scabs around her ears from scratching.,Ear Infections
My dog has exercise-induced weakness due to myasthenia gravis.,Mobility Problems
My cat has been hiding under the bed and won't eat.,Digestive Issues
My dog has panosteitis (growing pains).,Mobility Problems
My cat has fleas even though she's an indoor cat.,Parasites
My dog has severe hip dysplasia confirmed by x-rays.,Mobility Problems
My dog has flaky skin along his spine.,Parasites
My rabbit has 'walking dandruff' mites (Cheyletiella).,Parasites
Kitten has Coccidia causing bloody diarrhea.,Parasites
My dog keeps shaking his head violently and scratching at his right ear.,Ear Infections
"My puppy is having diarrhea accidents inside, seems urgent.",Digestive Issues
"Dog has greasy, pale, voluminous stools.",Digestive Issues
Cat is sensitive to noises.,Ear Infections
"Guinea pig is limping, possibly due to lack of Vitamin C.",Mobility Problems
Puppy is small for his age and has chronic soft stools.,Digestive Issues
Rabbit is holding its head tilted and seems unbalanced.,Mobility Problems
My cat has vomited several times today and is now hiding.,Digestive Issues
"My cat has rapid, involuntary eye movements (nystagmus).",Ear Infections
Cat seems deaf in one ear.,Ear Infections
My cat has really bad breath and sometimes vomits yellow foam.,Digestive Issues
"Kitten is anemic (pale gums) and lethargic, suspecting heavy flea or worm burden.",Parasites
Rabbit has a fractured leg.,Mobility Problems
Dog is swallowing repeatedly and licking his nose.,Digestive Issues
My dog has developed dark pigmentation on previously pink skin.,Skin Irritations
My cat vomited pink-tinged fluid.,Digestive Issues
My dog cries when getting up or lying down.,Mobility Problems
My cat has developed a lump that feels fatty under the skin.,Skin Irritations
Rabbit has developed urine scald from inability to posture correctly.,Mobility Problems
Cat is irritable or aggressive when touched in certain areas.,Mobility Problems
"Dog has chronic ear infections, vet mentioned allergies.",Ear Infections
Puppy whimpers if I gently squeeze the base of his ear.,Ear Infections
"Ferret has ear mites, visible as dark debris.",Parasites
Guinea pig's back legs seem completely limp.,Mobility Problems
My guinea pig’s sides are red and scabby.,Skin Irritations
My puppy walks stiffly for the first few steps after waking up.,Mobility Problems
Ferret has itchy skin and some hair loss on its tail.,Skin Irritations
My puppy's littermates also have ear problems.,Ear Infections
My cat's eyes are darting back and forth rapidly.,Ear Infections
My dog walks with his back arched upwards.,Mobility Problems
"Dog's limp is worse after resting (e.g., morning stiffness).",Mobility Problems
Cat is excessively grooming her front legs.,Skin Irritations
My puppy got something stuck in his ear (grass seed?).,Ear Infections
My dog's skin turns red and blotchy after walks in the grass.,Skin Irritations
Dog has intense itching primarily at night.,Skin Irritations
My dog has bone cancer causing severe leg pain.,Mobility Problems
Ferret is vomiting shortly after every meal.,Digestive Issues
"My dog has recurring ear problems, especially after swimming.",Ear Infections
"Cat has been chewing her hind legs, leaving raw spots.",Skin Irritations
Pet ate spoiled food and now has diarrhea.,Digestive Issues
My dog's back legs seem to cross over when he walks.,Mobility Problems
Ferret needs a flea treatment that is safe and effective for them.,Parasites
My dog has intervertebral disc condition (IVDD).,Mobility Problems
Guinea pig is dragging its hind legs behind it.,Mobility Problems
Cat is overgrooming areas near painful joints.,Mobility Problems
My cat has been hiding and refusing food for a day.,Digestive Issues
My dog ate fatty table scraps and is now vomiting and painful.,Digestive Issues
"My rabbit has fleas, likely from the dog.",Parasites
Cat is suddenly unable to use her back legs and is crying in pain.,Mobility Problems
My dog yelps when other dogs play near his head.,Ear Infections
"My dog seems restless and uncomfortable, pacing after meals.",Digestive Issues
Dog has chronic ear issues that flare up when his skin allergies act up.,Ear Infections
"Cat is hiding, seems lethargic, and occasionally shakes her head.",Ear Infections
My puppy's ears require frequent cleaning as a preventative measure.,Ear Infections
My dog groans when lying down or changing positions.,Mobility Problems
"Kitten may have resistant parasites or Tritrichomonas, further testing needed.",Parasites
My cat has developed scabs along her spine.,Skin Irritations
Puppy vomited pieces of chewed-up fabric.,Digestive Issues
"Cat is lethargic and hiding, along with the head shaking.",Ear Infections
Dog has what looks like a small skin tag or growth inside his ear.,Ear Infections
"My cat used to sleep on the top bunk, now she stays on the floor.",Mobility Problems
Hamster is not eating or drinking and looks hunched over.,Digestive Issues
"Ferret has waxy ears, could be mites or just wax buildup.",Ear Infections
Dog has blood and mucus in his diarrhea.,Digestive Issues
My dog has underlying food allergies that seem to trigger the ear infections.,Ear Infections
"My cat stopped using the litter box, maybe it's hard to get into.",Mobility Problems
"My ferret seems itchy, rubbing against things.",Parasites
Cat is less playful than usual.,Mobility Problems
Cat has scratched the fur off behind and below her ears.,Ear Infections
Puppy has localized demodectic mange on his face.,Parasites
Ferret is pawing at its mouth and seems nauseous.,Digestive Issues
Cat hesitates before jumping down.,Mobility Problems
Ferret has ear mites causing head shaking.,Parasites
Cat has blisters appearing on her skin.,Skin Irritations
"There's black, waxy gunk coming out of my dog's ears.",Ear Infections
My dog's ear smells yeasty.,Ear Infections
Cat has a non-healing sore on her ear flap.,Skin Irritations
Dog has chronic whipworm infection.,Parasites
Rabbit is sitting hunched and grinding its teeth.,Digestive Issues
"Dog has trouble squatting to poop, sometimes falls over.",Mobility Problems
Puppy has a dull coat and is underweight.,Parasites
Cat has started pooping outside the litter box on the rug.,Mobility Problems
"My dog's movement seems restricted, less range of motion.",Mobility Problems
My dog's skin seems greasy and has a strong odor.,Skin Irritations
"My dog walks with short, choppy steps.",Mobility Problems
My dog has extremely foul-smelling gas.,Digestive Issues
My bird has scaly mites on its legs.,Parasites
Rabbit looks dull and isn't drinking much water.,Digestive Issues
Dog has diarrhea with a fishy odor.,Digestive Issues
Dog has a rash after swimming in a pond.,Skin Irritations
Dog has bouts of vomiting and diarrhea that come and go.,Digestive Issues
Dog has chronic large bowel diarrhea due to whipworms.,Parasites
Puppy has mild redness and a small amount of wax in both ears.,Ear Infections
The discharge from my dog's ear looks slightly bloody.,Ear Infections
Ferret is pawing at his mouth and drooling.,Digestive Issues
The skin between my dog's toes is red and inflamed.,Skin Irritations
My puppy seems dizzy.,Ear Infections
My rabbit developed an abscess below its ear.,Ear Infections
My cat has a swollen lower lip.,Skin Irritations
"My cat passed several long, white, round worms in her stool.",Parasites
My cat has fleas resistant to the spot-on treatment I used.,Parasites
Cat seems to have nerve damage in her front leg after an injury.,Mobility Problems
Dog has hookworm anemia.,Parasites
"My dog's hind legs seem uncoordinated, crossing over each other.",Mobility Problems
Dog has yellowish diarrhea.,Digestive Issues
Guinea pig is not moving around its cage much.,Mobility Problems
"Dog has adult-onset generalized demodicosis, need to check for underlying issues.",Parasites
"My kitten has fleas, I saw them jumping.",Parasites
Dog has developed bald spots on his muzzle and around his eyes.,Parasites
"Ferret has tiny black specks in its fur, might be dirt or bugs.",Skin Irritations
My cat doesn't seem to hear me approaching from one side.,Ear Infections
Dog has itchy bumps primarily on his back near the tail.,Skin Irritations
My dog has lost muscle mass in his hind legs.,Mobility Problems
"Cat vomited something that looked dark brown, like old blood.",Digestive Issues
"Dog has black, tar-like stool.",Digestive Issues
"Cat has itchy, crusty lesions on the bridge of her nose.",Skin Irritations
Dog’s ears have a greasy discharge and bad smell.,Ear Infections
Cat’s ears are hot and have a yeasty smell.,Ear Infections
My cat has developed swelling on her lip.,Skin Irritations
My dog likely got tapeworms from ingesting fleas.,Parasites
My dog has had surgery (TECA) for end-stage ear condition.,Ear Infections
My dog is reluctant to go up or down stairs.,Mobility Problems
"Ferret has dark, crusty debris in his ears, likely mites.",Parasites
Dog tires easily on walks and wants to turn back early.,Mobility Problems
My dog's kneecap pops in and out of place (luxating patella).,Mobility Problems
My rabbit has sores on its feet and is losing fur there.,Parasites
My cat vomited something that looked like a small worm.,Parasites
Ferret has hind limb paralysis.,Mobility Problems
"Dog has red, irritated skin and black specks (like dirt) that turn red when wet.",Parasites
"Ferret is anemic, possibly due to fleas.",Parasites
"Cat moves very deliberately, almost like she's walking on eggshells.",Mobility Problems
"Noticed a thick, dark brown discharge inside my dog's ear flap.",Ear Infections
Puppy cries and tries to bite when I touch near his left ear.,Ear Infections
My cat's fur along her spine looks greasy and matted.,Skin Irritations
The opening to my dog's ear canal looks swollen almost closed.,Ear Infections
Cat is rubbing the side of her head on the floor and furniture.,Ear Infections
Dog has a hematoma that keeps refilling after being drained.,Ear Infections
Cat is grooming her belly so much it's almost bald.,Parasites
Dog has small blood spots on the skin where he's been scratching.,Skin Irritations
Rabbit is shaking its head and scratching behind the ears.,Parasites
The discharge from the ear is bloody.,Ear Infections
"Dog has very dark, almost black stool.",Digestive Issues
"My dog's joints seem swollen, especially his knees.",Mobility Problems
My dog sometimes walks on the top of his paw instead of the pad.,Mobility Problems
"Guinea pig has Trixacarus mange, causing intense itching and seizures.",Parasites
My hamster is scratching behind its ears constantly.,Skin Irritations
"Ferret seems weak in his back legs, dragging them slightly.",Mobility Problems
"My dog gets ear infections constantly, vet thinks mites might be involved.",Parasites
Cat has difficulty grooming her back.,Mobility Problems
Puppy vomited undigested food several hours after eating.,Digestive Issues
My cat has a drooping eyelid and smaller pupil on the same side as the head tilt.,Ear Infections
My senior dog is having trouble getting up from his bed.,Mobility Problems
"Dog strains to defecate, only producing small amounts of liquid.",Digestive Issues
Ferret has orange-ish discoloration of the skin.,Skin Irritations
My cat has a history of ear polyps.,Ear Infections
"My puppy seems unsteady on his feet, like the room is spinning.",Ear Infections
"Dog trembles sometimes, especially his back legs, when standing.",Mobility Problems
"Dog is intensely itchy, especially on his elbows and ear margins.",Parasites
"My dog drags his back toenails sometimes, making a scraping sound.",Mobility Problems
"Dog has thickened, elephant-like skin in chronically itchy areas.",Skin Irritations
Pet struggles to get up from lying down.,Mobility Problems
My rabbit has redness and swelling around its genitals.,Skin Irritations
"Cat’s back has pink, weepy sores from scratching.",Skin Irritations
My ferret seems itchy all over.,Parasites
"Cat keeps retching like she needs to cough up a hairball, but doesn't.",Digestive Issues
My dog ate chicken bones and is now lethargic and straining.,Digestive Issues
My puppy has debris in his ears that looks like coffee grounds.,Ear Infections
"My cat seems dizzy, stumbling and walking in circles.",Ear Infections
Cat seems painful when the vet manipulates her legs.,Mobility Problems
My rabbit’s ears are red and smell unpleasant.,Ear Infections
"Ferret has green, slimy diarrhea.",Digestive Issues
My cat misses jumps sometimes.,Mobility Problems
Dog has inflammation extending to the outside of the ear flap.,Ear Infections
My dog seems to lose his balance easily.,Mobility Problems
"Cat vomits undigested food about once a week, seems fine otherwise.",Digestive Issues
Puppy has mild redness in both ears.,Ear Infections
My cat vomited a worm.,Digestive Issues
My hamster is losing patches of fur and scratching.,Parasites
My cat has ear mites again.,Parasites
Cat is constantly licking at her knee joint.,Mobility Problems
Dog started holding up his back right leg after chasing a squirrel.,Mobility Problems
"My puppy is a breed with heavy, floppy ears that don't get good airflow.",Ear Infections
My dog has arthritis diagnosed by the vet.,Mobility Problems
Hamster has hair loss around its scent glands.,Skin Irritations
Cat likely has a muscle sprain or strain causing limping.,Mobility Problems
My bird is lethargic and its droppings look abnormal.,Parasites
My rabbit has developed a swelling near the base of its ear.,Ear Infections
My rabbit has fly eggs visible on its soiled rear end.,Skin Irritations
"My puppy has persistent diarrhea, vet found coccidia.",Parasites
"Cat is scratching near, but not directly in, the ear.",Ear Infections
Cat has a middle ear infection causing neurological signs.,Ear Infections
Cat has developed a head tilt suddenly.,Ear Infections
"Ferret has dark, coffee ground-like debris in his ears.",Ear Infections
My cat has difficulty swallowing.,Digestive Issues
"Dog raided the kitchen bin last night, now has terrible diarrhea.",Digestive Issues
"Ferret has waxy debris, possibly ear mites.",Ear Infections
"Ferret has very thick, dark, waxy buildup in both ears.",Ear Infections
Rabbit has ear mites causing head tilt.,Parasites
Puppy got water in his ears playing with the hose.,Ear Infections
My dog has Legg-Calve-Perthes condition.,Mobility Problems
"My finch is wheezing and clicking, suspect air sac mites.",Parasites
Cat vomited what looks like coffee grounds.,Digestive Issues
"My bird has air sac mites, causing breathing difficulty.",Parasites
Cat's paws are swollen and red.,Skin Irritations
Dog has yeast overgrowth in his ears.,Ear Infections
Kitten has persistent diarrhea despite deworming.,Parasites
My cat vomited pinkish foam.,Digestive Issues
My guinea pig is scratching so much it has open sores.,Parasites
My dog gets diarrhea whenever we have visitors or travel.,Digestive Issues
My dog's ear infection seemed better but came right back after stopping meds.,Ear Infections
Cat suddenly refuses to eat her usual food.,Digestive Issues
My dog has hives that appear and disappear quickly.,Skin Irritations
"Guinea pig seems weak and is losing weight, maybe internal parasites?",Parasites
"Ferret is lethargic and not eating, vomited once.",Digestive Issues
My dog stumbles frequently.,Mobility Problems
My dog's ear problems always seem worse during allergy season.,Ear Infections
"My kitten is covered in fleas, they are crawling all over.",Parasites
My dog keeps gulping and seems uncomfortable after eating.,Digestive Issues
My cat has symmetrical hair loss on both flanks.,Skin Irritations
Rabbit has spondylosis.,Mobility Problems
Cat has crusty ear tips.,Ear Infections
The skin inside my dog's ear canals looks bright red and sore.,Ear Infections
My dog sometimes trips over his own feet.,Mobility Problems
My rabbit has bald patches on its nose from rubbing the cage.,Skin Irritations
Hamster's skin looks red and irritated inside its cheek pouches.,Skin Irritations
"My dog's paw pads feel rough and crusty, almost like horns.",Skin Irritations
My cat has bald patches above her eyes.,Skin Irritations
Dog's ear infection smells like Pseudomonas (sickly sweet).,Ear Infections
"Dog has dry, brittle fur and flaky skin.",Skin Irritations
Ferret has crusty skin around its eyes and chin.,Skin Irritations
Rabbit is lethargic and dehydrated (skin tents when pinched).,Digestive Issues
Rabbit has severe crusting in ears diagnosed as mites.,Ear Infections
My puppy seems bloated and is trying to vomit but nothing comes up.,Digestive Issues
Hamster has wetness and staining around its tail.,Skin Irritations
"Rabbit's fur is matted, and the skin underneath looks irritated and flaky.",Parasites
Guinea pig is dragging its hind end.,Mobility Problems
My cat is sensitive to being petted along her back.,Skin Irritations
Puppy has pustules and redness on his chin and muzzle.,Skin Irritations
My dog is trying to eat grass frantically.,Digestive Issues
My rabbit is scratching its chin and neck area frequently.,Skin Irritations
"Dog's ear infection has a particularly nasty, 'rotten' smell.",Ear Infections
My cat has both fleas and tapeworm segments.,Parasites
Cat has thinning hair around her eyes and face.,Parasites
My dog's skin looks bruised in areas without any known trauma.,Skin Irritations
My ferret's ears look red inside.,Ear Infections
"My bird is restless and picking at its feathers, I think I see tiny bugs.",Parasites
"Dog has severe flea infestation, requiring immediate intervention.",Parasites
"Noticed some creamy, yellow discharge draining from my puppy's ear.",Ear Infections
My dog's nails are scuffing the ground when he walks.,Mobility Problems
My dog has bad breath that smells like feces.,Digestive Issues
Dog has diarrhea containing undigested food particles.,Digestive Issues
My lovebird is chewing its feathers down to the skin.,Parasites
My puppy has accidents in the house (diarrhea) overnight.,Digestive Issues
Ferret is weak in the hind limbs.,Mobility Problems
My dog favors one leg consistently.,Mobility Problems
Ferret has diarrhea and seems very weak.,Digestive Issues
My dog has hair loss that seems to follow a seasonal pattern.,Skin Irritations
"Ferret has black, tarry stools, could it be from parasites?",Parasites
"My dog has recurring ear infections, vet suspects underlying mites.",Parasites
"My cat licks her belly raw, especially after eating certain foods.",Skin Irritations
"Ferret has dark, tarry stool, could parasites cause this?",Parasites
Dog has oily skin and recurrent skin infections.,Skin Irritations
"My puppy is constantly hungry but not gaining weight, has loose stools.",Digestive Issues
Found several attached ticks on my dog after hiking.,Parasites
"Noticed thickened, dark skin in my dog's armpits that seems itchy.",Skin Irritations
My dog has bumps between his toes.,Skin Irritations
My cat started shaking her head after a groomer visit.,Ear Infections
My cat has what looks like walking dandruff.,Parasites
My rabbit has severe crusting in ears from Psoroptes mites.,Parasites
Dog has ticks attached deep inside his ear canals.,Parasites
"Dog has chronic skin issues, vet suspects Demodex mites.",Parasites
Rabbit seems weak all over.,Mobility Problems
Hamster has fecal staining and wetness around the tail and belly.,Digestive Issues
"Dog has chronic skin problems, vet diagnosed generalized Demodex.",Parasites
"My dog takes very short, stiff steps with his front legs.",Mobility Problems
My dog lags behind on walks and seems reluctant to continue.,Mobility Problems
"My rabbit has very large, soft cecotropes that are uneaten.",Digestive Issues
My dog gets recurring skin infections in the folds of his face.,Skin Irritations
My ferret is scratching intensely at its ears.,Ear Infections
My rabbit got diarrhea after I gave him too much fruit.,Digestive Issues
"My dog seems wobbly and uncoordinated, especially in the rear.",Mobility Problems
Guinea pig has stopped producing fecal pellets.,Digestive Issues
My cat doesn't jump onto the furniture anymore.,Mobility Problems
"My cat has fleas, causing miliary dermatitis.",Parasites
Guinea pig is losing large clumps of hair.,Skin Irritations
Puppy got diarrhea right after we changed his food brand.,Digestive Issues
"Rabbit is lethargic and not eating well, possibly due to pain.",Mobility Problems
Puppy's skin is peeling slightly after a bath with new shampoo.,Skin Irritations
"Rabbit has white, powdery substance accumulating in its fur.",Skin Irritations
My puppy has soft stool ever since we got him.,Digestive Issues
Guinea pig seems bloated and uncomfortable.,Digestive Issues
"My dog seems to have heartburn (gulping, licking air).",Digestive Issues
Rabbit has thick crusts forming on its skin.,Skin Irritations
Cat has painful swelling around multiple joints.,Mobility Problems
My cat seems to have fleas that aren't killed by her usual spot-on.,Parasites
Dog’s ears are crusty and smell like mold.,Ear Infections
Dog has difficulty posturing to urinate or defecate.,Mobility Problems
Guinea pig has dandruff and seems uncomfortable when petted.,Skin Irritations
Ferret has bright green diarrhea.,Digestive Issues
"Kitten is sneezing and has discharge, could it be lungworms?",Parasites
Cat is licking the fur off her legs.,Skin Irritations
My cat has bumps under the skin that can be felt but not easily seen.,Skin Irritations
Rabbit has pus draining from one ear.,Ear Infections
"Dog's ear canal lining looks thick and bumpy, like cobblestones.",Ear Infections
Guinea pig has difficulty moving after a fall.,Mobility Problems
My rabbit has matted fur and sores underneath on its hindquarters.,Skin Irritations
My bird has Giardia.,Parasites
My new kitten has a really round belly and doesn't seem to be growing much.,Parasites
Cat has difficulty navigating stairs.,Mobility Problems
"My cat's fur looks dull and unkempt, and she has flakes.",Skin Irritations
My dog slid on the ice and has been limping on his front leg since.,Mobility Problems
"Guinea pig has swollen, painful feet.",Mobility Problems
Rabbit has redness and hair loss on the soles of its hind feet.,Skin Irritations
Kitten has hookworms according to the fecal test.,Parasites
Dog is rubbing his face on the carpet constantly.,Skin Irritations
My puppy has developed a swollen muzzle and face.,Skin Irritations
My dog has significant muscle wasting in his hind end.,Mobility Problems
Cat has inflammation and discharge around her nail beds.,Skin Irritations
My dog has ear mites confirmed by microscopic exam.,Parasites
Cat keeps vomiting small amounts of bile.,Digestive Issues
My dog has Valley Fever affecting his bones.,Mobility Problems
"My dog has tapeworms, probably from fleas.",Parasites
Dog has developed resistance to previous ear medications.,Ear Infections
My dog has a secondary skin infection from scratching flea bites.,Parasites
There are little white things that look like rice grains stuck to the fur around my dog's anus.,Parasites
Cat has started eliminating outside the litter box.,Mobility Problems
Ferret has lost a lot of weight over the last month.,Digestive Issues
My cat fights me and cries when I try to put ear drops in.,Ear Infections
My cat has bumps along her spine.,Skin Irritations
Cat is losing weight despite having a good appetite.,Digestive Issues
Ferret seems painful when his jaw area is touched.,Ear Infections
"My rabbit has thick, flaky crusts inside both ears.",Ear Infections
My ferret's inner ear flaps look red and irritated.,Ear Infections
Pet’s ears are red and have a musty odor.,Ear Infections
Guinea pig has swollen feet (bumblefoot).,Mobility Problems
"My ferret’s belly has red, irritated spots.",Skin Irritations
My rabbit has white flakes in its ears.,Ear Infections
Dog has intermittent episodes of vomiting and diarrhea.,Digestive Issues
Rabbit's fur is matted and it seems itchy underneath.,Parasites
My dog's ears smell yeasty and the skin inside looks thickened.,Skin Irritations
Dog is less active and sleeps more than usual.,Mobility Problems
Dog started limping on his front left leg after playing.,Mobility Problems
My guinea pig has crusty lesions near its mouth.,Skin Irritations
My dog's anal area is red and itchy; he scoots on the carpet.,Skin Irritations
"I saw live, wriggling worms in my puppy's fresh poop.",Parasites
My dog's joints make clicking or popping sounds.,Mobility Problems
Ferret is having difficulty climbing up ramps in his cage.,Mobility Problems
My dog acts hungry but then sniffs his food and walks away.,Digestive Issues
Dog is straining in the yard but only passing small bits of liquid stool.,Digestive Issues
Guinea pig has visible lice crawling on its hair shafts.,Parasites
"Dog has lost his appetite and seems nauseous (licking lips, drooling).",Digestive Issues
My rabbit has developed a large swelling under its jaw.,Skin Irritations
"Cat's face looks droopy on one side, started with the ear trouble.",Ear Infections
"My ferret is itchy, especially around his neck and shoulders.",Parasites
Rabbit is shaking its head and digging at its ears.,Parasites
My puppy seems stiff when he wakes up.,Mobility Problems
My dog's ear flap (pinna) is swollen like a balloon.,Ear Infections
"Cat is scratching the area below her ear, not directly inside.",Ear Infections
My dog has Babesia from a tick bite.,Parasites
"Cat has decreased appetite, possibly due to chronic pain.",Mobility Problems
"Ferret has fleas, needs treatment safe for ferrets.",Parasites
"My puppy is trying to vomit but only dry heaving, and his belly looks swollen.",Digestive Issues
Puppy has a rash in his groin area.,Skin Irritations
My cat shakes her head violently right after I put the ear drops in.,Ear Infections
Cat has swollen joints.,Mobility Problems
I saw spaghetti-like worms in my puppy's vomit.,Parasites
"My dog is restless and pacing, seems uncomfortable after eating.",Digestive Issues
My ferret's ear discharge smells sweet/yeasty.,Ear Infections
My hamster is losing fur around its eyes.,Skin Irritations
My cat is drinking tons of water and vomited twice yesterday.,Digestive Issues
Cat seems completely deaf in the affected ear.,Ear Infections
"Rabbit has stopped grooming, coat looks messy.",Digestive Issues
My dog chewed up a plastic toy and is now lethargic and gagging.,Digestive Issues
"Cat moves with a stiff, hunched posture.",Mobility Problems
My parrot was diagnosed with Giardia.,Parasites
My dog's skin turns bright red after he eats certain treats.,Skin Irritations
Noticed small bumps and scabs on my puppy's back.,Skin Irritations
Cat is licking a specific joint excessively.,Mobility Problems
"My rabbit's skin seems very dry and flaky, especially on its ears.",Skin Irritations
"Kitten has pale gums and is very sleepy, worried about fleas.",Parasites
"My dog is a Cocker Spaniel, and I know they are prone to ear problems.",Ear Infections
"Cat has symmetrical hair loss on her flanks, no apparent itching.",Skin Irritations
"Guinea pig has soft, smelly droppings.",Digestive Issues
My senior cat hasn't pooped in four days and seems uncomfortable.,Digestive Issues
My puppy has diarrhea and the vet found Coccidia in his stool sample.,Parasites
My dog has a circular lesion that is healing in the center but spreading outward.,Skin Irritations
Cat seems overly sensitive to loud noises lately.,Ear Infections
My cat has sores in the corners of her mouth.,Skin Irritations
Ferret is tilting its head slightly to the left.,Ear Infections
My dog has ear mites confirmed by the vet.,Parasites
My dog requires treatment for heartworm infection.,Parasites
My puppy drags his rear end on the carpet after pooping.,Parasites
"Cat isn't grooming her hindquarters well, fur looks matted.",Mobility Problems
Puppy has on-and-off diarrhea since we brought him home.,Digestive Issues
Cat has hair loss and redness between the toes.,Skin Irritations
"Cat is scratching under her chin, causing sores and hair loss.",Skin Irritations
"Guinea pig has intense itching fits, sometimes seems like a seizure.",Skin Irritations
My cat is drinking excessive amounts of water and vomiting frequently.,Digestive Issues
"Dog has dry, brittle hair coat and flaky skin.",Skin Irritations
My puppy scoots his bottom on the floor frequently.,Parasites
"My rabbit is leaving large, soft, uneaten cecotropes around.",Digestive Issues
My puppy ate some mushrooms in the yard and is now vomiting.,Digestive Issues
My cat scratches herself raw around the collar area.,Skin Irritations
My dog has developed a head tilt.,Mobility Problems
Puppy fecal exam positive for both roundworms and hookworms.,Parasites
My cat has flaky skin that seems to move when you watch it closely.,Parasites
My small dog has Legg-Calve-Perthes causing hip pain.,Mobility Problems
My rabbit stopped eating his pellets and cecotropes are sticking to his fur.,Digestive Issues
Rabbit has lost bladder/bowel control.,Mobility Problems
Guinea pig has hair loss on its nose.,Skin Irritations
"Cat keeps gagging like she has a hairball, but nothing comes out.",Digestive Issues
My dog had ear canal ablation surgery due to end-stage condition.,Ear Infections
"Dog has hair loss on the tail, looks like a 'rat tail'.",Skin Irritations
My cat has chronic diarrhea that responds temporarily to antibiotics.,Digestive Issues
Kitten's fecal test showed hookworm eggs.,Parasites
"My cat has chronic diarrhea, improves with antibiotics but returns.",Digestive Issues
My puppy has what looks like acne on his belly.,Skin Irritations
My dog has Wobbler syndrome.,Mobility Problems
Guinea pig is frantically scratching and seems distressed.,Parasites
Rabbit is tilting its head and seems off balance.,Mobility Problems
"The fur on my cat's tail base is thinning, and the skin looks irritated.",Skin Irritations
Cat meows loudly if I accidentally brush against her lower back.,Mobility Problems
My dog has developed skin tags all over his body.,Skin Irritations
My dog has myasthenia gravis causing weakness.,Mobility Problems
"Dog is chewing his hindquarters raw, right above the tail.",Skin Irritations
"Dog has hearing loss in one ear due to chronic, untreated infections.",Ear Infections
"Guinea pig has white, dust-like particles in its fur.",Parasites
"My dog's stomach is making loud gurgling noises, and he seems uncomfortable.",Digestive Issues
My dog shakes his head mostly right after he gets up from sleeping.,Ear Infections
Cat has neurological signs attributed to a middle ear infection.,Ear Infections
"Puppy has a dull, rough coat and seems underweight.",Parasites
Dog has a bad smell from his skin folds.,Skin Irritations
Rabbit is reluctant to move.,Ear Infections
"Puppy vomited his dinner whole, hours after eating.",Digestive Issues
My cat is drooling a lot and seems to have trouble swallowing.,Digestive Issues
"Ferret has very dry, flaky skin all over.",Skin Irritations
Rabbit fecal shows pinworm eggs (Passalurus ambiguus).,Parasites
"Cat suddenly lost use of her back legs, they feel cold.",Mobility Problems
Puppy is underweight for his breed and has chronic loose stool.,Digestive Issues
Dog gets intensely itchy and breaks out in hives after just one flea bite.,Parasites
My puppy whines and pulls away when I try to touch his ears.,Ear Infections
"Cat shakes her head a lot and there's dark, crumbly stuff in her ears.",Parasites
My rabbit has thick white crusts inside its ears.,Parasites
My puppy was dewormed but still has occasional diarrhea.,Parasites
"My dog has developed skin tags, especially on his chest and legs.",Skin Irritations
My dog has developed a growth on his eyelid margin.,Skin Irritations
Found things that look like dried rice stuck near my dog's butt.,Parasites
"Cat has a poor appetite, which might be due to chronic joint pain.",Mobility Problems
"My cat vomits clear or white foam, usually in the morning.",Digestive Issues
"Cat finally coughed up a huge, dense hairball.",Digestive Issues
My cat has dandruff-like flakes all over her black fur.,Skin Irritations
My cat vomited something that looked like a grain of rice.,Parasites
"My cat vomits white foam occasionally, unrelated to meals.",Digestive Issues
My dog's ear infection spread to the other ear.,Ear Infections
"Rabbit isn't using its litter box, just staying in one spot.",Mobility Problems
My cat started shaking her head right after coming back from the groomer.,Ear Infections
"My ferret is grinding its teeth and has dark, tarry stools.",Digestive Issues
Rabbit struggles and seems painful when I try to pick it up.,Mobility Problems
"Puppy has small, pus-filled bumps on his belly and groin.",Skin Irritations
Rabbit's belly feels hard and distended.,Digestive Issues
Dog's ear canal bleeds when I try to clean it gently.,Ear Infections
"My cat's ears have a really strong, yeasty smell.",Ear Infections
Cat flinches and tensees up when I touch her belly.,Digestive Issues
My dog slipped a disc and needs crate rest.,Mobility Problems
My dog's hips make a popping sound when he walks.,Mobility Problems
My rabbit's ear is drooping.,Ear Infections
Puppy's ears feel warmer than the rest of his body.,Ear Infections
My dog won't stop shaking his head and flapping his ears.,Ear Infections
Cat no longer jumps up onto counters or windowsills.,Mobility Problems
My rabbit is producing 'string of pearls' feces (hair linked together).,Digestive Issues
My ferret seems lethargic because of the ear issue.,Ear Infections
My puppy might have a foxtail or grass seed stuck down in his ear.,Ear Infections
My ferret has scabs around its neck and shoulders.,Skin Irritations
My dog's back seems hunched or arched.,Mobility Problems
My dog has a sudden inability to walk (paralysis).,Mobility Problems
"Rabbit seems depressed and isn't eating much, maybe pain related.",Mobility Problems
My dog avoids the hardwood floors and prefers rugs.,Mobility Problems
Puppy has Demodex mites causing localized hair loss.,Parasites
Cat has suddenly become very picky about food.,Digestive Issues
My dog has a decreased appetite and seems generally unwell.,Digestive Issues
My cat has tapeworm segments appearing intermittently.,Parasites
"My dog pants excessively, even when resting.",Mobility Problems
My dog's tail has become completely bald (rat tail).,Skin Irritations
"Noticed a small, wart-like growth on my dog's eyelid.",Skin Irritations
My dog's nose leather is cracked and dry.,Skin Irritations
"Kitten is sneezing frequently, could it be a nasal parasite?",Parasites
My cat is walking with her head tilted sharply to the right.,Ear Infections
Cat growls or hisses when I try to pet her lower back or hips.,Mobility Problems
Ferret has lost almost all the hair on its tail.,Skin Irritations
Puppy vomited a piece of a toy.,Digestive Issues
My rabbit’s hind legs shake when hopping.,Mobility Problems
My rabbit is producing fecal pellets linked by strands of hair.,Digestive Issues
"My rabbit is stretching out frequently, looks uncomfortable.",Digestive Issues
"Dog has red bumps all over his belly, and I found black 'dirt' that smears red.",Parasites
Rabbit has crusting and hair loss around the ear base.,Ear Infections
Cat has vestibular signs that started suddenly.,Ear Infections
My cat has resistant ear mites.,Parasites
My puppy has floppy ears that don't get much air circulation.,Ear Infections
My dog has allergies and gets ear infections frequently.,Ear Infections
My guinea pig’s ears have dark wax and smell bad.,Ear Infections
My dog has Lyme arthritis causing lameness that shifts legs.,Mobility Problems
"My Doberman has Wobbler's, causing a clumsy gait.",Mobility Problems
"My dog had an infection in one ear, now the other one seems affected too.",Ear Infections
"My ferret is lethargic and passing dark, sticky feces.",Digestive Issues
"My cat hunts mice, should I be worried about worms?",Parasites
My dog has heartworm condition and needs treatment.,Parasites
My puppy's ears need regular cleaning to prevent issues.,Ear Infections
My cat has inflammation deep in the ear canal.,Ear Infections
My bird is plucking its own feathers out.,Parasites
Rabbit has Passalurus ambiguus (pinworms).,Parasites
My indoor-only cat somehow got fleas.,Parasites
"My cat has intermittent constipation, goes several days without defecating.",Digestive Issues
My dog has dandruff-like scales along his back.,Parasites
My cat's skin irritation (miliary dermatitis) is caused by fleas.,Parasites
My hamster has diarrhea and a wet tail area.,Digestive Issues
"My dog's breath smells unusually foul, almost like sewage.",Digestive Issues
My dog has progressive hind limb weakness diagnosed as DM.,Mobility Problems
Pet’s belly is distended and he’s lethargic.,Digestive Issues
"My rabbit has thick, honey-colored crusts filling its ear canals.",Parasites
"My cat has Toxoplasma antibodies, need to discuss risks.",Parasites
My rabbit's appetite has slowly decreased over several days.,Digestive Issues
My dog injured his back (IVDD) and requires strict rest.,Mobility Problems
Ferret is scratching under its arms.,Skin Irritations
Kitten still has diarrhea despite multiple deworming treatments.,Parasites
"Dog coughs sometimes, vet mentioned possible heartworm or lungworm.",Parasites
"Dog shivers or trembles, seems like he's in pain.",Mobility Problems
Cat has arthritis secondary to previous injury.,Mobility Problems
"Kitten has severe, bloody diarrhea caused by Coccidia.",Parasites
Cat has shown no interest in food for 24 hours.,Digestive Issues
Ferret has thinning fur overall.,Skin Irritations
My cat seems off balance and walks in circles sometimes.,Ear Infections
"My rabbit has soft, unformed droppings instead of normal pellets.",Digestive Issues
Cat shows pain when her spine is gently pressed.,Mobility Problems
"My rabbit's fur looks like it has dandruff, but the flakes are moving!",Parasites
Cat is hiding more and interacting less.,Mobility Problems
My cat started peeing next to the litter box instead of climbing in.,Mobility Problems
My cat was diagnosed with lungworm after chronic respiratory signs.,Parasites
"Guinea pig has lice, visible as small white dots.",Parasites
Guinea pig has dandruff that seems to be moving.,Parasites
My rabbit vomited a small amount of green fluid.,Digestive Issues
Dog has swimmer's ear.,Ear Infections
My dog gets ear infections every summer after swimming in the lake.,Ear Infections
Ferret has diarrhea and is dehydrated.,Digestive Issues
My dog has Ehrlichia from a tick.,Parasites
"My cat had ear polyps removed before, worried they are back.",Ear Infections
My puppy had roundworms treated but still has diarrhea.,Parasites
Found a flea on myself after petting the cat.,Parasites
My cat has sores appearing on her paw pads.,Skin Irritations
My dog's knees look puffy and feel warm.,Mobility Problems
Puppy has redness and irritation around his genitals.,Skin Irritations
Cat has pain when her spine is palpated.,Mobility Problems
Dog has developed hives all over his body after rolling in the grass.,Skin Irritations
My dog pants heavily even when resting indoors.,Mobility Problems
My dog's back legs seem weak and sometimes give out.,Mobility Problems
Cat has diarrhea after getting into the dog's food.,Digestive Issues
Guinea pig has flaky skin and hair loss on its rump.,Skin Irritations
My guinea pig's droppings are much smaller and fewer than usual.,Digestive Issues
My dog has blackheads and pimples on his muzzle.,Skin Irritations
Cat has vomited multiple times in the last hour.,Digestive Issues
My rabbit has crusty sores around its nose and mouth.,Skin Irritations
Guinea pig is losing weight and has diarrhea.,Digestive Issues
"My dog licks his paws raw, vet mentioned possible mites.",Parasites
My dog begs for food but then walks away when I offer it.,Digestive Issues
Cat's skin seems very thin and tears easily.,Skin Irritations
"My dog is frantically chewing at his hind end, and I see little black specks in his fur.",Parasites
There's yellowish pus draining from my puppy's ear.,Ear Infections
My dog has patellar luxation (kneecap slips).,Mobility Problems
Dog has hair loss in a pattern that follows the leash/collar line.,Skin Irritations
Puppy's ears always seem damp and dirty inside.,Ear Infections
"My dog licks his front paws incessantly, vet mentioned possible Demodex.",Parasites
Cat spends most of her time sleeping in secluded spots.,Mobility Problems
My dog has degenerative myelopathy (DM).,Mobility Problems
"My dog just seems 'off' - lethargic, poor appetite.",Digestive Issues
Dog's skin is sensitive to touch in certain areas.,Skin Irritations
Guinea pig hasn't produced any droppings in 24 hours.,Digestive Issues
"Kitten has flaky skin, like bad dandruff.",Skin Irritations
"Cat is excessively grooming her belly, making it bald.",Parasites
My Siamese cat is developing crusty lesions on her ear tips and nose.,Skin Irritations
"Rabbit has lost fur on its nose, looks sore.",Parasites
"My hamster is scratching a lot and has dry, flaky skin.",Parasites
"Rabbit is only eating greens, refusing hay.",Digestive Issues
Rabbit has become incontinent (urine and feces).,Mobility Problems
"Dog has pale, clay-colored stools.",Digestive Issues
Ferret is walking with a stiff gait.,Mobility Problems
Puppy constantly has dirty ears despite regular cleaning.,Ear Infections
My rabbit shakes its head frequently.,Ear Infections
My cat has Giardia and needs medication.,Parasites
My hamster's droppings are stuck together.,Digestive Issues
"Found a long, segmented worm in the dog's stool this morning.",Parasites
"Dog seems nauseous (drooling, lip smacking) and refused his favorite treat.",Digestive Issues
"Cat has tiny scabs all over her back, feels like sandpaper.",Parasites
"Cat has chronic intermittent vomiting, maybe once or twice a week.",Digestive Issues
My ferret seems generally unwell since the ear problem started.,Ear Infections
My puppy has had soft stools since we adopted him from the shelter.,Digestive Issues
Rabbit seems unable to move its hind legs properly.,Mobility Problems
My dog has Lyme condition causing shifting leg lameness.,Mobility Problems
My rabbit keeps shaking its head back and forth.,Ear Infections
"My dog seems sensitive around his head, flinches when petted near ears.",Ear Infections
My dog has diarrhea every time he gets stressed.,Digestive Issues
My cat vomited part of a houseplant leaf.,Digestive Issues
Saw bright red blood coating my dog's otherwise normal stool.,Digestive Issues
My Dachshund has back problems (IVDD).,Mobility Problems
Cat hasn't touched her food in over 24 hours.,Digestive Issues
My cat keeps getting tapeworms even though I treat her.,Parasites
"My rabbit has white, flaky material inside the ear canals.",Ear Infections
My dog's gait looks wobbly or uncoordinated.,Mobility Problems
"Dog has chronic itching, mostly involving feet, face, and ears.",Skin Irritations
My rabbit has maggots visible near its hind end.,Parasites
My cat has recurrent ear mite infestations.,Parasites
Puppy is being treated for scabies (Sarcoptic mange).,Parasites
Dog has a growth or polyp visible inside the ear canal.,Ear Infections
My dog was diagnosed with arthritis in his hips and knees.,Mobility Problems
Rabbit has lost fur on its nose.,Parasites
"Cat is constipated, passing very hard, dry stools.",Digestive Issues
My hamster seems to have greasy fur and is losing hair on its back.,Skin Irritations
"Dog has a persistent cough, vet is testing for heartworm.",Parasites
"Dog has black spots appearing on his skin, mostly on the belly.",Skin Irritations
My kitten has lost the fur on the bridge of her nose.,Skin Irritations
Dog is straining to vomit (retching) without producing anything.,Digestive Issues
My rabbit has ear canker (mites).,Parasites
Ferret has lost significant weight recently.,Digestive Issues
My dog tore his cruciate ligament (CCL/ACL).,Mobility Problems
Pet’s ears are swollen and have a rancid odor.,Ear Infections
"Cat has scabs all over her body, especially her back and neck.",Parasites
Dog has generalized demodicosis.,Parasites
My older dog is constipated and strains to defecate.,Digestive Issues
Dog ate something from the trash and now has explosive diarrhea.,Digestive Issues
Noticed bright red blood streaks in my cat's poop.,Digestive Issues
"Puppy has developed a circular, hairless lesion on its head.",Skin Irritations
Cat developed a sudden head tilt overnight.,Ear Infections
My rabbit has pus coming from its eye on the same side as the ear problem.,Ear Infections
Cat seems painful in her abdomen when I pick her up.,Digestive Issues
My cat has developed bald patches behind her ears.,Skin Irritations
Rabbit has matted fur on its hind end with irritated skin underneath.,Skin Irritations
My hamster has developed a lump under its skin.,Skin Irritations
Cat has excessive flatulence and occasional vomiting.,Digestive Issues
My cat has roundworms visible in her stool.,Parasites
"Dog is scratching himself raw, especially on his chest and belly.",Parasites
Rabbit has urine staining on its hind legs from poor posture.,Mobility Problems
Cat has sores inside her mouth and drools excessively.,Skin Irritations
Rabbit has redness and hair loss on the soles of its back feet.,Skin Irritations
"Dog seems to have abdominal cramps (stretching, looking at belly).",Digestive Issues
My hamster's droppings are strung together with hair.,Digestive Issues
Rabbit has arthritis in its spine (spondylosis).,Mobility Problems
My puppy ate a sock yesterday and is now vomiting.,Digestive Issues
My dog has trouble balancing.,Mobility Problems
"Ferret has thick, dark wax in both ears.",Ear Infections
My dog has elbow dysplasia.,Mobility Problems
"Dog had sudden onset of profuse, watery diarrhea overnight.",Digestive Issues
My cat won't let me clean her ears.,Ear Infections
Cat has scaly skin on her back.,Skin Irritations
Cat has hypertrophic osteodystrophy.,Mobility Problems
My cat's skin twitches along her back and she suddenly runs off.,Skin Irritations
Cat's ear canal looks extremely narrow and difficult to see into.,Ear Infections
Cat is shaking her head and scratching furiously behind her ears; they look dirty inside.,Parasites
My dog's limp improves with exercise but returns after rest.,Mobility Problems
My ferret's ear wax smells strangely sweet.,Ear Infections
My dog's ear has a distinct 'corn chip' or 'yeasty bread' smell.,Ear Infections
"My cat has dark ear wax, but the vet ruled out mites.",Ear Infections
My dog has developed dark spots on his belly skin.,Skin Irritations
"My rabbit has a dirty bottom from soft, pasty stools.",Digestive Issues
My dog sits down awkwardly ('puppy sitting') with one leg out.,Mobility Problems
My rabbit has diarrhea after being introduced to new vegetables.,Digestive Issues
My cat has Horner's syndrome secondary to otitis media.,Ear Infections
My dog's nose looks crusty and has lost its pigment.,Skin Irritations
"Cat is straining in the litter box, passing small, rock-hard feces.",Digestive Issues
Hamster has fecal staining around the anus.,Digestive Issues
My cat licks her fur off in stripes.,Skin Irritations
Puppy hops with both back legs together like a bunny when running.,Mobility Problems
"Dog has whipworms, needs special dewormer.",Parasites
Puppy cries when I massage the base of his ears.,Ear Infections
My dog has lost hair above his tail base from constant biting.,Parasites
"Cat has had soft, mushy stool for the past two days.",Digestive Issues
My cat paws at her ear after I apply the medication.,Ear Infections
"Pulled a fat, grey tick off my cat's neck after she came inside.",Parasites
Dog has ticks in his ears.,Parasites
"Cat is excessively grooming, leading to thin fur.",Skin Irritations
Hamster has redness and irritation around its mouth.,Skin Irritations
"My dog keeps biting at his tail base, and his hair is thinning there.",Parasites
